CNTRY,Agri,Comm,Manu,NonComm
Elms,5.204188481050433,1.8089378720803313,4.0966366294422665,1.3762081712187086
Fogwell,2.268906336874118,1.5150296746420218,2.7012753923715636,1.493129082099434
Hazel,3.1771335035792134,1.7266101984856272,2.4840226754529757,1.7093674100868492
Montagu,2.750521243560194,1.5513375627287456,3.3787297997664894,1.4751747185668824
Oatlands,2.794523845589083,1.6188116612016759,3.8368111743553928,1.4714737192078593
Riverside,2.214803570674758,1.644327351712569,2.448759290978061,1.5002873500343625
